{"cameraMode":{"drawMode":0,"name":"Shaded","section":"Shading Mode"},"sceneLighting":true,"audioPlay":false,"sceneViewState":{"showFog":true,"showMaterialUpdate":false,"showSkybox":true,"showFlares":true,"showImageEffects":true,"showParticleSystems":true},"in2DMode":false,"pivot":{"x":3.278230667114258,"y":-1.2639985084533692,"z":-2.510024070739746},"rotation":{"x":0.05074554681777954,"y":0.934669017791748,"z":-0.3189045786857605,"w":0.1487281322479248},"size":4.126949787139893,"orthographic":false}